OrderID,OrderDate,Category,Sales,Quantity,Region,DeliveryStatus,ReturnRequested
ORD-10000,2026-02-21,Books,320.26,1,South,On-Time,No
ORD-10001,2026-01-15,Home,122.16,1,South,On-Time,No
ORD-10002,2026-03-13,Home,124.0,1,East,On-Time,No
ORD-10003,2026-03-02,Books,118.19,2,West,On-Time,No
ORD-10004,2026-01-21,Electronics,95.14,2,East,On-Time,No
ORD-10005,2026-03-24,Electronics,331.3,4,West,On-Time,No
ORD-10006,2026-03-28,Home,425.53,1,South,Delayed,No
ORD-10007,2026-03-16,Books,364.92,3,North,On-Time,No
ORD-10008,2026-03-16,Apparel,398.13,4,South,On-Time,No
ORD-10009,2026-03-29,Apparel,208.35,3,West,On-Time,No
ORD-10010,2026-01-24,Home,330.5,4,East,Delayed,No
ORD-10011,2026-01-03,Apparel,183.58,2,South,On-Time,Yes
ORD-10012,2026-01-22,Home,267.5,4,East,On-Time,No
ORD-10013,2026-02-22,Books,246.0,2,East,On-Time,No
ORD-10014,2026-01-02,Home,96.67,4,East,On-Time,No
ORD-10015,2026-03-29,Apparel,199.67,1,South,On-Time,No
ORD-10016,2026-01-30,Apparel,482.27,3,East,Delayed,No
ORD-10017,2026-02-07,Apparel,131.8,1,East,On-Time,No
ORD-10018,2026-01-02,Apparel,75.56,4,South,On-Time,No
ORD-10019,2026-03-05,Apparel,215.1,4,East,Delayed,No
ORD-10020,2026-03-01,Apparel,397.27,4,South,On-Time,No
ORD-10021,2026-01-21,Electronics,295.25,2,West,On-Time,No
ORD-10022,2026-02-02,Electronics,343.68,3,West,Delayed,No
ORD-10023,2026-03-17,Apparel,102.95,3,West,On-Time,No
ORD-10024,2026-02-27,Apparel,313.28,4,East,On-Time,No
ORD-10025,2026-01-22,Apparel,168.52,4,North,On-Time,No
ORD-10026,2026-03-30,Home,418.81,2,North,On-Time,No
ORD-10027,2026-02-18,Home,318.36,1,East,On-Time,No
ORD-10028,2026-02-28,Electronics,107.44,1,North,On-Time,No
ORD-10029,2026-02-11,Books,41.66,3,South,On-Time,No
ORD-10030,2026-03-01,Apparel,30.89,2,North,Delayed,Yes
ORD-10031,2026-03-21,Home,191.99,4,East,On-Time,No
ORD-10032,2026-01-15,Apparel,140.27,3,East,Delayed,Yes
ORD-10033,2026-03-03,Books,326.58,2,South,On-Time,No
ORD-10034,2026-03-03,Home,254.67,1,West,On-Time,No
ORD-10035,2026-02-16,Home,140.35,2,East,On-Time,No
ORD-10036,2026-03-03,Home,83.13,1,South,On-Time,No
ORD-10037,2026-02-20,Electronics,72.33,2,North,On-Time,No
ORD-10038,2026-02-24,Electronics,433.68,3,North,Delayed,No
ORD-10039,2026-03-05,Home,129.3,1,South,On-Time,No
ORD-10040,2026-01-03,Apparel,329.34,3,South,On-Time,No
ORD-10041,2026-02-20,Home,407.24,3,East,On-Time,No
ORD-10042,2026-01-07,Electronics,310.9,1,North,On-Time,No
ORD-10043,2026-01-21,Apparel,431.19,1,South,On-Time,No
ORD-10044,2026-03-14,Apparel,202.27,4,North,On-Time,No
ORD-10045,2026-02-08,Apparel,478.55,4,South,On-Time,No
ORD-10046,2026-01-18,Home,75.24,4,North,On-Time,No
ORD-10047,2026-01-04,Apparel,60.05,3,West,On-Time,Yes
ORD-10048,2026-03-30,Apparel,332.76,3,East,On-Time,No
ORD-10049,2026-03-01,Apparel,471.99,4,North,On-Time,Yes
ORD-10050,2026-01-14,Apparel,406.35,3,West,Delayed,No
ORD-10051,2026-01-09,Home,47.44,3,North,On-Time,No
ORD-10052,2026-03-31,Electronics,146.89,1,North,On-Time,No
ORD-10053,2026-02-22,Apparel,465.86,1,West,On-Time,No
ORD-10054,2026-01-02,Apparel,134.0,3,North,On-Time,No
ORD-10055,2026-03-25,Home,392.77,4,North,Delayed,No
ORD-10056,2026-03-01,Apparel,414.31,2,East,On-Time,Yes
ORD-10057,2026-03-12,Books,252.77,4,West,On-Time,No
ORD-10058,2026-02-13,Books,199.31,2,West,On-Time,No
ORD-10059,2026-01-08,Apparel,230.56,4,South,On-Time,No
ORD-10060,2026-02-16,Electronics,121.21,1,North,On-Time,No
ORD-10061,2026-02-04,Apparel,445.8,3,East,On-Time,No
ORD-10062,2026-03-19,Electronics,230.8,3,North,On-Time,No
ORD-10063,2026-03-22,Home,442.41,1,North,On-Time,No
ORD-10064,2026-02-05,Books,61.79,2,South,On-Time,No
ORD-10065,2026-02-19,Electronics,494.25,2,North,Delayed,No
ORD-10066,2026-01-04,Electronics,227.2,2,East,On-Time,No
ORD-10067,2026-01-02,Electronics,33.44,1,East,On-Time,No
ORD-10068,2026-01-06,Home,28.63,2,South,On-Time,No
ORD-10069,2026-02-23,Apparel,375.64,1,North,Delayed,No
ORD-10070,2026-01-04,Electronics,332.93,4,East,On-Time,No
ORD-10071,2026-02-23,Books,403.04,4,North,Delayed,No
ORD-10072,2026-03-04,Home,61.63,1,North,On-Time,No
ORD-10073,2026-01-18,Electronics,27.43,3,North,On-Time,No
ORD-10074,2026-03-31,Home,259.2,4,South,On-Time,No
ORD-10075,2026-02-13,Home,199.92,2,North,On-Time,Yes
ORD-10076,2026-02-03,Apparel,236.35,1,East,On-Time,No
ORD-10077,2026-03-15,Electronics,495.88,2,North,On-Time,Yes
ORD-10078,2026-03-03,Electronics,485.67,2,East,On-Time,No
ORD-10079,2026-01-14,Electronics,471.73,3,North,On-Time,No
ORD-10080,2026-02-17,Books,394.08,2,East,On-Time,No
ORD-10081,2026-01-15,Books,183.87,3,East,On-Time,No
ORD-10082,2026-03-13,Electronics,211.94,4,North,On-Time,No
ORD-10083,2026-03-19,Electronics,279.31,1,North,On-Time,No
ORD-10084,2026-03-28,Electronics,416.96,2,East,On-Time,No
ORD-10085,2026-03-03,Electronics,43.67,1,West,On-Time,No
ORD-10086,2026-02-09,Books,217.91,2,South,Cancelled,No
ORD-10087,2026-03-26,Apparel,50.48,1,West,On-Time,No
ORD-10088,2026-03-21,Apparel,262.18,2,West,On-Time,No
ORD-10089,2026-03-23,Electronics,450.46,2,North,On-Time,No
ORD-10090,2026-02-22,Home,393.42,2,South,Delayed,Yes
ORD-10091,2026-01-24,Apparel,121.64,2,West,On-Time,No
ORD-10092,2026-01-26,Home,488.24,2,North,On-Time,No
ORD-10093,2026-03-30,Electronics,337.0,2,West,Delayed,No
ORD-10094,2026-03-01,Home,15.11,2,West,On-Time,No
ORD-10095,2026-02-10,Home,135.15,2,North,On-Time,No
ORD-10096,2026-01-29,Electronics,137.75,2,North,On-Time,No
ORD-10097,2026-01-15,Apparel,43.93,1,North,On-Time,No
ORD-10098,2026-02-14,Books,480.31,3,South,On-Time,No
ORD-10099,2026-03-06,Books,244.35,2,West,On-Time,No
ORD-10100,2026-03-30,Apparel,448.95,3,North,On-Time,No
ORD-10101,2026-03-12,Apparel,167.89,2,East,Delayed,No
ORD-10102,2026-01-09,Books,71.36,2,West,On-Time,No
ORD-10103,2026-03-29,Apparel,242.42,1,East,On-Time,No
ORD-10104,2026-01-01,Electronics,65.84,4,South,On-Time,No
ORD-10105,2026-01-08,Books,248.15,4,North,On-Time,No
ORD-10106,2026-03-29,Electronics,460.95,1,East,On-Time,No
ORD-10107,2026-03-04,Apparel,265.18,3,South,On-Time,No
ORD-10108,2026-01-11,Electronics,312.08,4,North,On-Time,No
ORD-10109,2026-03-22,Electronics,86.75,1,East,On-Time,No
ORD-10110,2026-01-08,Apparel,31.43,1,East,On-Time,No
ORD-10111,2026-02-04,Home,64.3,4,South,On-Time,No
ORD-10112,2026-02-04,Electronics,303.28,3,North,On-Time,No
ORD-10113,2026-02-02,Electronics,56.56,1,North,On-Time,No
ORD-10114,2026-01-05,Electronics,194.24,2,East,On-Time,No
ORD-10115,2026-02-10,Apparel,279.55,3,East,Delayed,No
ORD-10116,2026-01-28,Books,200.44,3,East,On-Time,No
ORD-10117,2026-01-07,Apparel,90.21,4,North,On-Time,No
ORD-10118,2026-03-14,Apparel,144.16,4,South,On-Time,No
ORD-10119,2026-03-13,Books,464.88,2,South,On-Time,No
ORD-10120,2026-01-12,Apparel,341.23,1,North,On-Time,No
ORD-10121,2026-02-03,Electronics,253.06,4,West,Delayed,No
ORD-10122,2026-02-02,Electronics,16.23,4,South,On-Time,No
ORD-10123,2026-02-17,Apparel,496.28,3,East,On-Time,No
ORD-10124,2026-01-23,Apparel,339.01,4,West,On-Time,No
ORD-10125,2026-03-03,Apparel,165.29,4,West,On-Time,No
ORD-10126,2026-03-29,Home,440.84,4,South,On-Time,No
ORD-10127,2026-02-06,Apparel,136.63,4,West,On-Time,No
ORD-10128,2026-02-13,Apparel,276.57,3,West,On-Time,No
ORD-10129,2026-03-27,Home,321.67,2,South,On-Time,No
ORD-10130,2026-02-04,Apparel,118.32,2,South,On-Time,No
ORD-10131,2026-03-06,Books,489.41,1,West,On-Time,No
ORD-10132,2026-02-16,Apparel,376.61,4,East,Delayed,No
ORD-10133,2026-03-19,Electronics,283.33,3,North,On-Time,No
ORD-10134,2026-01-03,Home,98.49,1,West,On-Time,No
ORD-10135,2026-01-01,Apparel,36.39,1,West,On-Time,No
ORD-10136,2026-01-05,Apparel,166.83,2,East,Delayed,No
ORD-10137,2026-03-31,Apparel,379.06,3,West,Cancelled,No
ORD-10138,2026-01-14,Apparel,141.97,3,West,On-Time,No
ORD-10139,2026-01-27,Home,274.38,3,North,On-Time,No
ORD-10140,2026-01-09,Electronics,366.69,2,North,On-Time,No
ORD-10141,2026-03-20,Apparel,62.89,2,North,On-Time,No
ORD-10142,2026-01-15,Electronics,345.8,2,South,On-Time,No
ORD-10143,2026-03-31,Home,55.02,2,South,On-Time,No
ORD-10144,2026-02-11,Electronics,482.91,2,North,On-Time,No
ORD-10145,2026-03-18,Books,249.31,4,North,On-Time,No
ORD-10146,2026-02-20,Apparel,83.83,4,South,On-Time,No
ORD-10147,2026-03-04,Books,177.77,3,East,Delayed,No
ORD-10148,2026-02-21,Books,212.57,1,West,On-Time,No
ORD-10149,2026-01-04,Books,381.51,3,West,On-Time,No
ORD-10150,2026-01-23,Books,374.28,1,North,On-Time,No
ORD-10151,2026-01-15,Apparel,309.85,2,East,On-Time,No
ORD-10152,2026-02-12,Apparel,61.91,1,South,On-Time,No
ORD-10153,2026-01-29,Electronics,84.27,3,North,On-Time,No
ORD-10154,2026-02-05,Electronics,55.94,3,East,Cancelled,No
ORD-10155,2026-01-13,Apparel,292.81,1,East,On-Time,No
ORD-10156,2026-02-01,Apparel,439.8,4,East,On-Time,No
ORD-10157,2026-03-12,Apparel,222.56,2,South,On-Time,No
ORD-10158,2026-02-28,Apparel,88.82,2,South,On-Time,No
ORD-10159,2026-03-27,Books,283.44,3,West,On-Time,No
ORD-10160,2026-01-28,Apparel,407.76,4,West,On-Time,No
ORD-10161,2026-03-07,Home,373.44,1,East,On-Time,No
ORD-10162,2026-02-11,Books,441.91,2,East,On-Time,Yes
ORD-10163,2026-02-14,Books,146.17,4,South,On-Time,No
ORD-10164,2026-03-03,Home,105.04,2,West,On-Time,No
ORD-10165,2026-02-26,Books,441.11,4,East,On-Time,No
ORD-10166,2026-01-06,Books,332.2,4,West,On-Time,No
ORD-10167,2026-01-28,Books,162.36,3,West,On-Time,No
ORD-10168,2026-01-28,Electronics,373.75,2,East,On-Time,No
ORD-10169,2026-02-13,Apparel,409.41,1,South,Delayed,No
ORD-10170,2026-03-25,Apparel,311.34,3,East,On-Time,No
ORD-10171,2026-01-30,Electronics,347.06,3,East,On-Time,No
ORD-10172,2026-03-03,Home,193.88,1,West,Delayed,No
ORD-10173,2026-03-16,Home,273.96,3,East,On-Time,No
ORD-10174,2026-03-30,Books,266.84,4,South,On-Time,No
ORD-10175,2026-03-03,Electronics,425.54,4,East,On-Time,No
ORD-10176,2026-01-01,Books,421.58,2,South,On-Time,No
ORD-10177,2026-01-27,Home,418.01,2,South,On-Time,No
ORD-10178,2026-03-03,Home,15.41,1,West,On-Time,No
ORD-10179,2026-03-18,Books,377.28,2,North,On-Time,No
ORD-10180,2026-01-03,Home,381.75,4,North,On-Time,No
ORD-10181,2026-03-11,Apparel,342.41,1,West,Delayed,No
ORD-10182,2026-03-13,Books,380.57,1,East,On-Time,No
ORD-10183,2026-01-27,Apparel,422.57,2,West,Delayed,No
ORD-10184,2026-01-09,Electronics,240.46,4,South,On-Time,No
ORD-10185,2026-03-03,Books,256.0,1,North,On-Time,No
ORD-10186,2026-02-06,Apparel,71.11,4,West,On-Time,No
ORD-10187,2026-02-20,Home,198.83,4,East,On-Time,No
ORD-10188,2026-02-13,Apparel,325.25,4,West,On-Time,No
ORD-10189,2026-01-24,Books,392.4,2,North,On-Time,No
ORD-10190,2026-03-20,Electronics,116.43,3,West,On-Time,No
ORD-10191,2026-02-28,Books,77.53,3,West,Delayed,No
ORD-10192,2026-02-01,Home,334.89,1,North,On-Time,No
ORD-10193,2026-03-29,Electronics,10.92,4,South,On-Time,Yes
ORD-10194,2026-02-21,Apparel,97.4,2,South,On-Time,No
ORD-10195,2026-03-03,Books,24.24,4,North,On-Time,No
ORD-10196,2026-02-27,Apparel,91.77,4,West,On-Time,No
ORD-10197,2026-02-21,Electronics,98.85,2,North,On-Time,Yes
ORD-10198,2026-01-12,Apparel,199.96,3,South,On-Time,No
ORD-10199,2026-02-08,Apparel,207.14,4,East,Cancelled,No
ORD-10200,2026-01-02,Home,438.39,4,West,On-Time,No
ORD-10201,2026-01-03,Home,259.95,3,South,On-Time,No
ORD-10202,2026-02-25,Apparel,364.47,2,West,On-Time,No
ORD-10203,2026-03-22,Electronics,61.03,1,North,On-Time,No
ORD-10204,2026-02-28,Home,120.46,3,East,On-Time,No
ORD-10205,2026-01-02,Apparel,354.44,1,North,On-Time,No
ORD-10206,2026-01-02,Electronics,35.87,1,East,Delayed,No
ORD-10207,2026-02-23,Books,248.43,3,West,On-Time,No
ORD-10208,2026-03-28,Home,303.69,4,West,On-Time,No
ORD-10209,2026-01-01,Home,305.05,1,North,Delayed,No
ORD-10210,2026-01-19,Books,21.24,1,East,On-Time,No
ORD-10211,2026-01-02,Apparel,167.83,2,East,On-Time,No
ORD-10212,2026-02-22,Books,321.88,4,West,On-Time,No
ORD-10213,2026-02-13,Apparel,83.01,1,North,On-Time,No
ORD-10214,2026-03-31,Electronics,350.75,2,East,On-Time,No
ORD-10215,2026-02-01,Apparel,375.5,4,West,On-Time,No
ORD-10216,2026-03-11,Apparel,491.16,3,South,On-Time,No
ORD-10217,2026-02-01,Home,112.82,3,North,On-Time,No
ORD-10218,2026-03-09,Electronics,414.31,2,South,On-Time,No
ORD-10219,2026-02-24,Electronics,264.95,3,North,On-Time,No
ORD-10220,2026-03-16,Electronics,193.0,1,West,On-Time,No
ORD-10221,2026-02-25,Electronics,69.96,4,East,On-Time,No
ORD-10222,2026-01-17,Home,370.4,1,East,On-Time,Yes
ORD-10223,2026-02-07,Electronics,125.57,1,East,On-Time,No
ORD-10224,2026-01-24,Home,192.0,3,North,On-Time,No
ORD-10225,2026-03-10,Apparel,40.65,1,West,Delayed,Yes
ORD-10226,2026-03-11,Apparel,402.67,3,South,On-Time,Yes
ORD-10227,2026-03-27,Books,385.63,4,West,On-Time,No
ORD-10228,2026-01-11,Apparel,369.47,4,South,On-Time,No
ORD-10229,2026-01-16,Home,156.73,1,North,On-Time,No
ORD-10230,2026-03-14,Apparel,95.01,2,North,On-Time,No
ORD-10231,2026-02-28,Apparel,322.4,3,South,Delayed,No
ORD-10232,2026-03-11,Books,253.12,3,South,On-Time,No
ORD-10233,2026-03-21,Electronics,97.34,1,South,On-Time,No
ORD-10234,2026-01-03,Electronics,346.1,3,West,On-Time,No
ORD-10235,2026-01-20,Home,495.65,3,South,Delayed,No
ORD-10236,2026-02-28,Electronics,376.14,2,North,On-Time,No
ORD-10237,2026-02-05,Books,372.59,2,North,Delayed,Yes
ORD-10238,2026-01-19,Apparel,475.65,1,East,On-Time,No
ORD-10239,2026-03-31,Books,109.44,2,South,On-Time,No
ORD-10240,2026-03-08,Home,287.12,1,West,On-Time,No
ORD-10241,2026-01-19,Home,490.03,4,West,On-Time,No
ORD-10242,2026-01-20,Books,90.99,1,West,On-Time,No
ORD-10243,2026-03-12,Apparel,353.12,4,East,On-Time,No
ORD-10244,2026-02-21,Books,297.05,1,North,On-Time,No
ORD-10245,2026-02-02,Electronics,297.37,3,West,On-Time,No
ORD-10246,2026-02-09,Apparel,351.86,2,North,On-Time,No
ORD-10247,2026-02-08,Electronics,465.51,4,East,On-Time,No
ORD-10248,2026-03-23,Apparel,393.47,1,South,On-Time,No
ORD-10249,2026-01-01,Electronics,37.51,2,South,On-Time,No
ORD-10250,2026-01-11,Books,427.84,1,South,On-Time,No
ORD-10251,2026-02-26,Books,120.52,2,West,On-Time,No
ORD-10252,2026-03-30,Books,194.69,2,South,On-Time,Yes
ORD-10253,2026-02-19,Electronics,236.25,1,West,On-Time,Yes
ORD-10254,2026-01-23,Home,245.64,4,East,On-Time,No
ORD-10255,2026-01-31,Apparel,223.24,4,East,On-Time,No
ORD-10256,2026-02-11,Apparel,469.3,3,West,On-Time,No
ORD-10257,2026-01-07,Apparel,355.95,2,North,On-Time,No
ORD-10258,2026-01-16,Apparel,319.27,3,South,On-Time,No
ORD-10259,2026-03-31,Home,34.42,3,South,On-Time,No
ORD-10260,2026-03-01,Apparel,452.92,1,South,On-Time,No
ORD-10261,2026-01-02,Apparel,455.6,1,West,On-Time,No
ORD-10262,2026-01-01,Electronics,392.3,1,East,On-Time,No
ORD-10263,2026-02-17,Electronics,13.44,2,South,On-Time,No
ORD-10264,2026-01-12,Electronics,38.07,1,East,On-Time,No
ORD-10265,2026-03-10,Books,120.36,1,South,On-Time,No
ORD-10266,2026-02-06,Electronics,74.36,2,South,On-Time,No
ORD-10267,2026-02-01,Electronics,205.43,2,West,Delayed,No
ORD-10268,2026-01-09,Apparel,462.09,4,North,On-Time,No
ORD-10269,2026-01-19,Books,241.31,1,West,On-Time,No
ORD-10270,2026-02-17,Books,16.57,1,South,On-Time,No
ORD-10271,2026-03-21,Home,148.55,1,South,On-Time,No
ORD-10272,2026-01-03,Home,31.85,4,North,On-Time,No
ORD-10273,2026-01-20,Apparel,27.78,1,East,On-Time,No
ORD-10274,2026-01-24,Electronics,145.1,4,East,On-Time,No
ORD-10275,2026-02-23,Books,145.05,3,South,On-Time,No
ORD-10276,2026-02-02,Home,395.69,4,East,Delayed,No
ORD-10277,2026-01-24,Home,487.67,3,South,On-Time,No
ORD-10278,2026-03-16,Home,191.89,1,North,On-Time,No
ORD-10279,2026-03-13,Home,220.15,3,North,On-Time,No
ORD-10280,2026-02-05,Home,423.95,4,South,On-Time,No
ORD-10281,2026-02-07,Books,141.39,2,North,On-Time,No
ORD-10282,2026-03-25,Books,86.63,3,West,On-Time,No
ORD-10283,2026-03-30,Home,428.01,3,West,On-Time,No
ORD-10284,2026-01-25,Home,32.79,1,North,On-Time,No
ORD-10285,2026-01-18,Electronics,313.65,4,South,On-Time,No
ORD-10286,2026-03-23,Home,285.38,3,South,On-Time,No
ORD-10287,2026-03-07,Electronics,179.5,3,North,On-Time,No
ORD-10288,2026-02-23,Apparel,164.44,3,East,Cancelled,No
ORD-10289,2026-02-04,Books,388.21,3,West,On-Time,No
ORD-10290,2026-03-21,Apparel,52.35,2,East,On-Time,No
ORD-10291,2026-03-02,Apparel,126.02,4,South,On-Time,No
ORD-10292,2026-02-10,Apparel,368.9,1,South,On-Time,No
ORD-10293,2026-02-02,Electronics,278.68,1,East,On-Time,No
ORD-10294,2026-03-09,Home,72.71,2,North,On-Time,No
ORD-10295,2026-02-02,Electronics,442.25,4,East,Delayed,No
ORD-10296,2026-01-14,Electronics,202.79,3,East,On-Time,No
ORD-10297,2026-01-21,Apparel,415.66,2,West,On-Time,No
ORD-10298,2026-02-17,Home,395.98,4,West,On-Time,No
ORD-10299,2026-01-20,Home,315.97,3,East,On-Time,No
ORD-10300,2026-01-08,Electronics,252.3,2,East,On-Time,No
ORD-10301,2026-01-07,Apparel,489.98,4,South,On-Time,No
ORD-10302,2026-03-08,Apparel,81.03,1,West,On-Time,No
ORD-10303,2026-01-17,Home,365.33,1,West,On-Time,No
ORD-10304,2026-02-02,Home,103.68,4,South,On-Time,No
ORD-10305,2026-02-17,Apparel,175.75,1,North,Cancelled,No
ORD-10306,2026-03-17,Apparel,161.26,4,West,On-Time,Yes
ORD-10307,2026-02-28,Apparel,474.05,3,West,On-Time,No
ORD-10308,2026-03-27,Books,484.0,4,North,On-Time,No
ORD-10309,2026-01-22,Apparel,99.68,3,West,On-Time,No
ORD-10310,2026-01-30,Apparel,20.8,2,West,On-Time,No
ORD-10311,2026-02-07,Apparel,362.8,4,North,On-Time,No
ORD-10312,2026-02-20,Apparel,214.82,2,North,On-Time,No
ORD-10313,2026-02-23,Books,53.53,1,East,On-Time,No
ORD-10314,2026-01-08,Apparel,345.04,3,South,On-Time,No
ORD-10315,2026-01-27,Home,277.1,4,South,Cancelled,No
ORD-10316,2026-01-27,Home,490.45,2,North,On-Time,No
ORD-10317,2026-01-21,Apparel,121.43,3,North,On-Time,No
ORD-10318,2026-01-30,Apparel,207.95,3,West,On-Time,Yes
ORD-10319,2026-01-28,Books,275.85,1,East,On-Time,No
ORD-10320,2026-03-05,Apparel,397.93,1,East,On-Time,No
ORD-10321,2026-03-10,Apparel,278.93,3,North,On-Time,No
ORD-10322,2026-03-02,Books,310.32,3,West,On-Time,No
ORD-10323,2026-02-17,Electronics,120.81,4,West,On-Time,No
ORD-10324,2026-01-19,Electronics,424.99,3,South,On-Time,No
ORD-10325,2026-01-04,Apparel,220.03,4,South,On-Time,No
ORD-10326,2026-02-04,Books,79.07,3,West,On-Time,No
ORD-10327,2026-03-05,Electronics,335.45,1,South,On-Time,No
ORD-10328,2026-02-18,Electronics,115.88,4,North,On-Time,No
ORD-10329,2026-01-17,Electronics,57.81,2,West,On-Time,No
ORD-10330,2026-02-13,Electronics,432.37,1,South,On-Time,No
ORD-10331,2026-01-30,Electronics,235.48,4,East,On-Time,No
ORD-10332,2026-02-15,Apparel,377.15,4,West,On-Time,No
ORD-10333,2026-01-06,Apparel,152.39,2,West,On-Time,Yes
ORD-10334,2026-02-06,Electronics,395.62,4,East,On-Time,No
ORD-10335,2026-01-24,Apparel,64.85,3,North,On-Time,No
ORD-10336,2026-02-15,Electronics,184.43,2,East,On-Time,No
ORD-10337,2026-02-22,Apparel,489.25,1,West,On-Time,No
ORD-10338,2026-03-01,Apparel,399.05,1,North,On-Time,No
ORD-10339,2026-03-04,Home,253.66,3,South,On-Time,No
ORD-10340,2026-03-26,Electronics,176.49,1,South,On-Time,No
ORD-10341,2026-02-01,Apparel,437.35,4,South,On-Time,No
ORD-10342,2026-03-28,Electronics,276.98,4,West,Cancelled,Yes
ORD-10343,2026-02-02,Books,381.63,3,East,On-Time,Yes
ORD-10344,2026-03-08,Home,379.51,1,North,On-Time,No
ORD-10345,2026-01-18,Apparel,18.79,1,South,Delayed,Yes
ORD-10346,2026-01-25,Electronics,71.86,3,North,Delayed,No
ORD-10347,2026-02-23,Books,333.22,2,West,On-Time,No
ORD-10348,2026-02-27,Electronics,89.19,1,South,On-Time,No
ORD-10349,2026-03-08,Electronics,135.19,2,West,On-Time,No
ORD-10350,2026-02-15,Apparel,473.85,1,East,On-Time,No
ORD-10351,2026-01-24,Electronics,284.49,1,West,On-Time,No
ORD-10352,2026-02-01,Books,377.86,1,West,On-Time,No
ORD-10353,2026-02-16,Home,283.41,1,East,On-Time,No
ORD-10354,2026-03-27,Electronics,280.73,4,North,Delayed,No
ORD-10355,2026-01-23,Apparel,56.13,2,East,On-Time,No
ORD-10356,2026-03-07,Books,178.39,2,East,On-Time,No
ORD-10357,2026-01-27,Books,148.39,1,West,On-Time,No
ORD-10358,2026-01-02,Home,201.46,1,North,On-Time,No
ORD-10359,2026-03-31,Books,401.19,2,South,On-Time,No
ORD-10360,2026-01-17,Books,192.25,4,East,On-Time,No
ORD-10361,2026-02-02,Home,231.33,3,North,On-Time,No
ORD-10362,2026-01-09,Electronics,204.72,3,East,On-Time,No
ORD-10363,2026-02-12,Apparel,55.77,2,East,On-Time,No
ORD-10364,2026-02-17,Books,226.13,1,East,Cancelled,No
ORD-10365,2026-02-08,Electronics,105.85,1,East,On-Time,No
ORD-10366,2026-02-11,Books,101.49,4,West,On-Time,No
ORD-10367,2026-01-26,Electronics,56.08,3,North,On-Time,No
ORD-10368,2026-02-19,Electronics,184.77,4,North,On-Time,No
ORD-10369,2026-01-25,Apparel,381.17,3,North,On-Time,No
ORD-10370,2026-01-24,Electronics,145.46,2,East,On-Time,No
ORD-10371,2026-01-13,Books,163.05,3,West,On-Time,No
ORD-10372,2026-03-01,Books,324.91,4,East,On-Time,No
ORD-10373,2026-01-07,Books,105.96,4,East,On-Time,No
ORD-10374,2026-02-26,Home,449.51,4,North,On-Time,No
ORD-10375,2026-02-05,Electronics,264.89,2,East,On-Time,No
ORD-10376,2026-02-14,Apparel,229.33,3,South,On-Time,No
ORD-10377,2026-01-20,Apparel,283.33,3,East,On-Time,No
ORD-10378,2026-03-06,Apparel,91.36,4,South,On-Time,No
ORD-10379,2026-01-08,Electronics,310.6,3,East,On-Time,No
ORD-10380,2026-01-16,Apparel,187.92,1,West,On-Time,No
ORD-10381,2026-01-14,Apparel,449.62,1,West,On-Time,No
ORD-10382,2026-03-17,Books,92.74,1,North,On-Time,No
ORD-10383,2026-03-28,Books,258.46,3,East,On-Time,No
ORD-10384,2026-01-15,Apparel,303.08,2,South,On-Time,No
ORD-10385,2026-03-07,Home,26.36,2,South,On-Time,No
ORD-10386,2026-02-01,Home,188.21,2,East,On-Time,No
ORD-10387,2026-03-28,Electronics,368.99,2,South,On-Time,No
ORD-10388,2026-03-04,Books,411.98,1,West,On-Time,No
ORD-10389,2026-03-27,Books,163.45,1,South,On-Time,No
ORD-10390,2026-02-20,Apparel,401.31,4,North,Delayed,No
ORD-10391,2026-01-25,Apparel,484.2,3,West,On-Time,No
ORD-10392,2026-02-27,Electronics,429.87,3,West,Delayed,No
ORD-10393,2026-03-04,Apparel,67.65,2,West,Cancelled,No
ORD-10394,2026-03-03,Electronics,372.47,1,East,On-Time,No
ORD-10395,2026-01-22,Books,166.64,2,East,On-Time,No
ORD-10396,2026-02-27,Electronics,494.32,4,West,Cancelled,No
ORD-10397,2026-02-27,Apparel,247.83,3,East,On-Time,No
ORD-10398,2026-03-27,Books,69.99,3,South,On-Time,No
ORD-10399,2026-02-18,Home,365.34,2,East,On-Time,No
ORD-10400,2026-02-21,Electronics,168.28,4,East,On-Time,Yes
ORD-10401,2026-02-11,Electronics,498.57,3,West,On-Time,No
ORD-10402,2026-03-11,Electronics,490.09,4,North,On-Time,No
ORD-10403,2026-01-15,Home,331.51,4,North,On-Time,No
ORD-10404,2026-02-23,Electronics,73.61,2,North,On-Time,No
ORD-10405,2026-03-01,Apparel,346.56,1,South,Delayed,No
ORD-10406,2026-01-08,Books,55.58,2,East,On-Time,No
ORD-10407,2026-02-22,Electronics,24.39,1,North,On-Time,No
ORD-10408,2026-03-01,Books,413.25,4,West,On-Time,No
ORD-10409,2026-01-05,Books,112.78,1,North,On-Time,No
ORD-10410,2026-03-09,Electronics,195.72,4,North,On-Time,No
ORD-10411,2026-01-06,Books,486.99,3,East,Delayed,Yes
ORD-10412,2026-02-16,Apparel,175.05,3,East,On-Time,No
ORD-10413,2026-02-24,Books,155.28,3,East,On-Time,No
ORD-10414,2026-02-09,Apparel,459.92,2,South,On-Time,No
ORD-10415,2026-02-21,Home,64.27,2,South,On-Time,Yes
ORD-10416,2026-01-16,Apparel,382.2,4,North,Delayed,No
ORD-10417,2026-01-13,Books,494.15,3,East,On-Time,No
ORD-10418,2026-01-30,Home,451.64,2,North,On-Time,No
ORD-10419,2026-01-19,Apparel,329.32,3,West,On-Time,No
ORD-10420,2026-01-17,Books,163.89,2,West,Delayed,No
ORD-10421,2026-03-04,Electronics,134.62,1,East,On-Time,No
ORD-10422,2026-01-19,Electronics,411.44,1,East,On-Time,No
ORD-10423,2026-02-27,Electronics,441.11,3,West,On-Time,No
ORD-10424,2026-02-24,Apparel,267.46,4,East,Delayed,No
ORD-10425,2026-03-31,Electronics,129.73,2,South,On-Time,No
ORD-10426,2026-03-31,Books,65.34,2,South,On-Time,No
ORD-10427,2026-03-03,Electronics,52.72,1,East,On-Time,No
ORD-10428,2026-01-23,Home,362.35,1,West,On-Time,No
ORD-10429,2026-01-09,Electronics,215.86,4,North,On-Time,No
ORD-10430,2026-01-12,Books,453.63,4,East,On-Time,No
ORD-10431,2026-01-01,Books,372.44,4,East,Delayed,No
ORD-10432,2026-02-27,Apparel,103.72,3,North,On-Time,No
ORD-10433,2026-01-01,Books,310.75,1,East,Delayed,No
ORD-10434,2026-02-03,Electronics,223.4,3,North,On-Time,No
ORD-10435,2026-02-17,Books,292.85,1,West,On-Time,No
ORD-10436,2026-03-30,Electronics,371.65,1,South,On-Time,No
ORD-10437,2026-01-01,Books,405.04,2,West,On-Time,No
ORD-10438,2026-01-16,Electronics,423.43,1,South,Cancelled,No
ORD-10439,2026-03-02,Apparel,134.45,1,North,On-Time,No
ORD-10440,2026-03-05,Home,25.25,3,South,On-Time,No
ORD-10441,2026-03-04,Electronics,372.25,1,West,On-Time,No
ORD-10442,2026-03-10,Electronics,62.11,3,South,On-Time,No
ORD-10443,2026-01-22,Electronics,164.31,4,North,On-Time,No
ORD-10444,2026-03-08,Apparel,11.87,1,South,On-Time,No
ORD-10445,2026-03-17,Apparel,344.02,1,East,Cancelled,No
ORD-10446,2026-01-26,Electronics,91.89,3,West,On-Time,No
ORD-10447,2026-01-16,Apparel,331.09,4,East,On-Time,Yes
ORD-10448,2026-02-20,Electronics,495.95,2,North,On-Time,No
ORD-10449,2026-03-27,Books,45.61,4,South,Delayed,No
ORD-10450,2026-02-26,Electronics,47.77,3,East,On-Time,Yes
ORD-10451,2026-01-29,Electronics,176.79,4,East,On-Time,No
ORD-10452,2026-03-19,Electronics,434.53,3,South,On-Time,No
ORD-10453,2026-03-10,Apparel,115.61,3,South,On-Time,No
ORD-10454,2026-02-16,Books,186.59,2,West,On-Time,No
ORD-10455,2026-03-03,Apparel,43.57,1,East,Delayed,No
ORD-10456,2026-03-10,Electronics,383.95,3,East,On-Time,No
ORD-10457,2026-03-17,Home,210.07,3,North,On-Time,No
ORD-10458,2026-01-16,Home,382.03,2,West,On-Time,No
ORD-10459,2026-03-31,Electronics,452.77,3,North,On-Time,No
ORD-10460,2026-03-31,Home,124.05,1,East,On-Time,No
ORD-10461,2026-02-17,Books,405.62,2,North,On-Time,No
ORD-10462,2026-03-26,Electronics,38.96,1,East,On-Time,No
ORD-10463,2026-02-08,Home,450.44,1,East,On-Time,No
ORD-10464,2026-02-02,Home,328.88,2,North,On-Time,No
ORD-10465,2026-01-23,Apparel,438.37,3,North,On-Time,No
ORD-10466,2026-01-10,Electronics,10.09,1,South,Cancelled,No
ORD-10467,2026-03-10,Electronics,92.85,1,South,On-Time,No
ORD-10468,2026-02-03,Books,200.98,1,South,On-Time,Yes
ORD-10469,2026-02-21,Books,195.96,1,East,On-Time,No
ORD-10470,2026-01-10,Home,121.1,2,North,On-Time,No
ORD-10471,2026-01-19,Apparel,196.99,2,West,On-Time,No
ORD-10472,2026-02-27,Home,73.14,4,East,On-Time,No
ORD-10473,2026-01-01,Apparel,212.25,4,West,On-Time,No
ORD-10474,2026-03-10,Apparel,403.15,1,North,On-Time,No
ORD-10475,2026-01-04,Electronics,244.74,3,East,On-Time,No
ORD-10476,2026-01-16,Books,18.82,1,West,On-Time,Yes
ORD-10477,2026-01-24,Apparel,216.51,3,West,On-Time,No
ORD-10478,2026-03-21,Books,23.32,1,South,On-Time,No
ORD-10479,2026-01-02,Electronics,483.46,4,South,On-Time,No
ORD-10480,2026-02-01,Electronics,72.45,4,South,On-Time,No
ORD-10481,2026-03-25,Electronics,356.77,3,East,On-Time,No
ORD-10482,2026-01-24,Apparel,486.66,1,North,On-Time,No
ORD-10483,2026-01-12,Books,414.76,3,North,On-Time,No
ORD-10484,2026-02-19,Electronics,352.66,4,South,Cancelled,No
ORD-10485,2026-02-04,Books,421.34,1,South,On-Time,No
ORD-10486,2026-02-02,Apparel,491.08,1,South,On-Time,No
ORD-10487,2026-02-02,Books,314.46,3,West,On-Time,No
ORD-10488,2026-03-02,Electronics,284.0,2,South,On-Time,No
ORD-10489,2026-02-20,Books,317.84,3,West,Delayed,No
ORD-10490,2026-02-12,Home,271.01,4,North,On-Time,No
ORD-10491,2026-01-12,Electronics,321.19,4,East,On-Time,No
ORD-10492,2026-03-08,Electronics,230.42,4,East,On-Time,No
ORD-10493,2026-03-06,Books,117.04,4,East,On-Time,No
ORD-10494,2026-02-02,Books,68.92,4,East,On-Time,No
ORD-10495,2026-02-09,Electronics,43.49,2,West,On-Time,No
ORD-10496,2026-03-15,Home,139.02,1,West,Cancelled,No
ORD-10497,2026-02-12,Books,32.6,3,South,On-Time,No
ORD-10498,2026-02-13,Books,287.91,3,West,On-Time,No
ORD-10499,2026-01-29,Books,149.08,4,South,Delayed,No
ORD-10500,2026-01-13,Home,414.02,3,South,On-Time,No
ORD-10501,2026-01-12,Apparel,46.38,4,East,Delayed,No
ORD-10502,2026-02-15,Apparel,120.91,2,West,Cancelled,Yes
ORD-10503,2026-01-02,Apparel,367.82,2,West,On-Time,No
ORD-10504,2026-02-04,Home,303.42,1,South,On-Time,No
ORD-10505,2026-03-28,Home,41.6,2,South,On-Time,Yes
ORD-10506,2026-03-22,Electronics,439.85,2,North,Delayed,No
ORD-10507,2026-03-31,Books,439.86,1,North,On-Time,No
ORD-10508,2026-01-08,Home,171.9,3,South,On-Time,No
ORD-10509,2026-01-26,Apparel,176.8,4,North,Delayed,No
ORD-10510,2026-03-15,Apparel,494.62,4,North,Cancelled,No
ORD-10511,2026-03-31,Apparel,316.83,3,South,On-Time,No
ORD-10512,2026-02-03,Electronics,270.35,1,South,On-Time,No
ORD-10513,2026-01-07,Electronics,420.69,3,West,Cancelled,No
ORD-10514,2026-03-09,Electronics,149.79,2,South,On-Time,No
ORD-10515,2026-02-27,Electronics,220.3,1,South,Delayed,No
ORD-10516,2026-03-16,Apparel,141.21,1,East,On-Time,No
ORD-10517,2026-01-29,Apparel,396.69,1,West,On-Time,No
ORD-10518,2026-02-05,Electronics,290.94,4,West,On-Time,No
ORD-10519,2026-03-30,Home,332.82,3,West,On-Time,No
ORD-10520,2026-01-21,Electronics,133.63,1,East,On-Time,No
ORD-10521,2026-02-05,Books,117.91,1,South,On-Time,No
ORD-10522,2026-01-10,Books,249.3,1,West,On-Time,No
ORD-10523,2026-03-14,Electronics,371.41,3,West,On-Time,No
ORD-10524,2026-01-24,Apparel,267.37,4,North,On-Time,No
ORD-10525,2026-03-05,Electronics,26.0,2,West,On-Time,No
ORD-10526,2026-02-18,Apparel,435.59,4,South,On-Time,No
ORD-10527,2026-02-05,Home,41.7,1,South,On-Time,No
ORD-10528,2026-03-23,Electronics,478.35,4,North,On-Time,No
ORD-10529,2026-01-24,Apparel,22.32,4,West,On-Time,No
ORD-10530,2026-01-23,Electronics,350.28,2,West,On-Time,No
ORD-10531,2026-03-03,Electronics,50.28,3,West,On-Time,Yes
ORD-10532,2026-02-06,Home,456.23,3,East,Delayed,No
ORD-10533,2026-01-12,Apparel,237.57,4,West,Delayed,No
ORD-10534,2026-02-24,Apparel,77.39,4,South,On-Time,No
ORD-10535,2026-01-13,Apparel,177.0,3,South,Cancelled,No
ORD-10536,2026-01-23,Books,90.76,3,East,On-Time,Yes
ORD-10537,2026-03-30,Electronics,93.59,2,East,On-Time,No
ORD-10538,2026-01-30,Apparel,474.57,1,West,On-Time,No
ORD-10539,2026-01-17,Home,228.17,4,North,On-Time,No
ORD-10540,2026-03-03,Apparel,396.51,3,East,On-Time,No
ORD-10541,2026-03-25,Books,323.41,4,East,On-Time,No
ORD-10542,2026-03-30,Home,341.45,4,West,On-Time,No
ORD-10543,2026-03-27,Home,74.53,3,West,On-Time,No
ORD-10544,2026-01-13,Home,124.75,2,East,On-Time,No
ORD-10545,2026-02-28,Books,395.51,4,North,On-Time,No
ORD-10546,2026-01-19,Books,485.68,2,East,On-Time,No
ORD-10547,2026-02-18,Home,138.71,3,West,On-Time,No
ORD-10548,2026-01-12,Home,143.07,1,West,On-Time,No
ORD-10549,2026-03-02,Electronics,241.72,1,East,On-Time,Yes
ORD-10550,2026-01-19,Electronics,492.08,4,North,Delayed,Yes
ORD-10551,2026-03-17,Apparel,141.79,3,East,On-Time,No
ORD-10552,2026-01-09,Electronics,209.42,2,East,On-Time,No
ORD-10553,2026-03-12,Apparel,446.83,4,West,On-Time,Yes
ORD-10554,2026-01-28,Electronics,11.43,3,North,On-Time,No
ORD-10555,2026-03-19,Apparel,29.49,3,South,On-Time,No
ORD-10556,2026-02-21,Home,306.0,2,North,On-Time,Yes
ORD-10557,2026-03-24,Books,454.62,4,East,On-Time,No
ORD-10558,2026-01-16,Electronics,127.04,3,East,On-Time,No
ORD-10559,2026-03-10,Apparel,240.12,3,East,On-Time,No
ORD-10560,2026-01-12,Books,230.73,3,North,On-Time,No
ORD-10561,2026-01-25,Electronics,241.76,2,West,On-Time,No
ORD-10562,2026-02-21,Books,315.03,4,East,On-Time,No
ORD-10563,2026-03-26,Apparel,240.17,4,East,On-Time,No
ORD-10564,2026-02-22,Apparel,229.26,4,North,On-Time,No
ORD-10565,2026-01-23,Books,242.4,4,South,On-Time,No
ORD-10566,2026-01-16,Electronics,299.53,1,South,On-Time,Yes
ORD-10567,2026-02-26,Home,273.13,1,West,On-Time,Yes
ORD-10568,2026-02-08,Books,428.53,4,West,On-Time,Yes
ORD-10569,2026-02-22,Electronics,34.25,2,East,Delayed,No
ORD-10570,2026-02-11,Home,418.33,1,North,On-Time,No
ORD-10571,2026-02-27,Books,423.52,3,East,Delayed,No
ORD-10572,2026-02-08,Electronics,149.6,1,West,On-Time,No
ORD-10573,2026-01-14,Books,236.8,3,North,On-Time,No
ORD-10574,2026-01-05,Apparel,224.88,4,North,On-Time,No
ORD-10575,2026-02-04,Home,117.07,1,West,On-Time,No
ORD-10576,2026-03-28,Home,204.43,2,South,On-Time,No
ORD-10577,2026-03-16,Electronics,31.75,1,South,On-Time,No
ORD-10578,2026-01-18,Books,146.13,1,North,On-Time,No
ORD-10579,2026-03-17,Books,410.17,1,East,On-Time,No
ORD-10580,2026-01-09,Home,149.44,4,South,On-Time,No
ORD-10581,2026-03-15,Home,410.92,2,East,Delayed,No
ORD-10582,2026-02-27,Home,270.48,1,South,On-Time,No
ORD-10583,2026-01-17,Apparel,441.13,2,South,On-Time,No
ORD-10584,2026-01-07,Home,291.64,4,East,On-Time,No
ORD-10585,2026-02-15,Apparel,24.54,3,West,On-Time,No
ORD-10586,2026-01-13,Apparel,340.96,1,South,On-Time,Yes
ORD-10587,2026-02-09,Home,31.98,2,South,Cancelled,No
ORD-10588,2026-02-11,Apparel,230.79,2,East,On-Time,Yes
ORD-10589,2026-01-09,Electronics,465.42,4,West,On-Time,No
ORD-10590,2026-02-19,Electronics,90.95,1,South,On-Time,No
ORD-10591,2026-01-27,Apparel,201.04,3,South,On-Time,No
ORD-10592,2026-03-07,Home,367.63,2,West,On-Time,No
ORD-10593,2026-01-05,Apparel,442.31,1,South,On-Time,No
ORD-10594,2026-01-29,Home,338.76,3,West,Cancelled,No
ORD-10595,2026-02-06,Apparel,136.5,2,West,On-Time,No
ORD-10596,2026-02-07,Home,340.56,2,East,Delayed,No
ORD-10597,2026-03-24,Apparel,155.4,3,North,On-Time,No
ORD-10598,2026-01-08,Apparel,362.03,3,West,On-Time,No
ORD-10599,2026-03-06,Home,477.48,4,East,On-Time,No
ORD-10600,2026-03-27,Books,363.48,1,North,On-Time,No
ORD-10601,2026-01-17,Apparel,432.81,1,South,Delayed,No
ORD-10602,2026-03-12,Electronics,11.03,4,North,On-Time,No
ORD-10603,2026-03-30,Electronics,361.61,2,West,On-Time,Yes
ORD-10604,2026-02-14,Electronics,416.5,3,West,On-Time,Yes
ORD-10605,2026-01-04,Home,29.87,3,West,On-Time,No
ORD-10606,2026-02-05,Apparel,437.08,3,West,On-Time,No
ORD-10607,2026-03-11,Apparel,135.78,2,West,On-Time,No
ORD-10608,2026-01-31,Apparel,335.99,3,East,On-Time,No
ORD-10609,2026-01-19,Electronics,402.17,3,West,On-Time,No
ORD-10610,2026-03-02,Apparel,334.71,4,East,On-Time,No
ORD-10611,2026-02-23,Electronics,55.22,2,South,On-Time,No
ORD-10612,2026-02-08,Apparel,302.2,1,West,On-Time,No
ORD-10613,2026-03-15,Electronics,279.3,4,West,Delayed,No
ORD-10614,2026-03-31,Books,451.16,4,North,On-Time,No
ORD-10615,2026-01-19,Electronics,208.08,1,South,On-Time,No
ORD-10616,2026-02-08,Books,167.33,4,West,On-Time,No
ORD-10617,2026-03-08,Apparel,377.43,2,West,On-Time,No
ORD-10618,2026-02-14,Books,212.21,3,South,On-Time,No
ORD-10619,2026-01-13,Home,326.59,2,East,On-Time,No
ORD-10620,2026-02-27,Home,326.76,1,West,On-Time,Yes
ORD-10621,2026-01-20,Home,445.14,1,North,On-Time,No
ORD-10622,2026-03-13,Apparel,303.36,4,West,Delayed,No
ORD-10623,2026-03-02,Apparel,256.06,2,North,On-Time,No
ORD-10624,2026-02-08,Apparel,78.05,2,North,On-Time,No
ORD-10625,2026-01-01,Apparel,66.71,1,West,On-Time,No
ORD-10626,2026-01-03,Electronics,85.62,2,West,On-Time,No
ORD-10627,2026-03-18,Apparel,94.21,1,North,Delayed,No
ORD-10628,2026-03-03,Home,322.56,2,South,On-Time,No
ORD-10629,2026-03-04,Apparel,373.08,2,South,On-Time,No
ORD-10630,2026-01-25,Home,269.7,2,West,On-Time,Yes
ORD-10631,2026-02-25,Home,416.22,1,East,On-Time,No
ORD-10632,2026-02-02,Books,495.72,4,South,On-Time,Yes
ORD-10633,2026-02-07,Electronics,411.81,2,West,On-Time,No
ORD-10634,2026-01-06,Apparel,350.49,1,South,On-Time,Yes
ORD-10635,2026-02-27,Apparel,270.92,1,East,On-Time,No
ORD-10636,2026-02-13,Apparel,229.94,2,West,On-Time,No
ORD-10637,2026-02-14,Books,51.35,2,East,On-Time,No
ORD-10638,2026-02-01,Electronics,205.69,4,West,On-Time,No
ORD-10639,2026-02-14,Home,455.97,1,East,On-Time,No
ORD-10640,2026-03-02,Apparel,405.93,1,South,On-Time,No
ORD-10641,2026-02-16,Home,115.87,3,South,On-Time,No
ORD-10642,2026-01-21,Home,238.64,1,East,On-Time,No
ORD-10643,2026-03-21,Apparel,410.19,4,East,On-Time,Yes
ORD-10644,2026-03-26,Apparel,43.02,3,East,On-Time,No
ORD-10645,2026-03-16,Apparel,199.82,3,West,On-Time,Yes
ORD-10646,2026-02-05,Electronics,427.4,3,South,On-Time,No
ORD-10647,2026-01-19,Apparel,207.91,2,West,Delayed,Yes
ORD-10648,2026-01-20,Electronics,48.03,2,South,Cancelled,No
ORD-10649,2026-02-26,Apparel,275.84,1,North,Delayed,No
ORD-10650,2026-01-18,Apparel,432.25,3,West,On-Time,No
ORD-10651,2026-02-16,Apparel,299.24,4,South,On-Time,No
ORD-10652,2026-02-18,Home,120.88,2,South,On-Time,No
ORD-10653,2026-01-14,Electronics,198.28,4,West,On-Time,No
ORD-10654,2026-01-15,Home,230.56,4,West,On-Time,No
ORD-10655,2026-01-31,Apparel,293.84,2,South,On-Time,No
ORD-10656,2026-01-01,Apparel,382.08,2,West,On-Time,No
ORD-10657,2026-02-23,Books,58.45,2,East,Cancelled,No
ORD-10658,2026-01-03,Electronics,445.93,2,West,On-Time,No
ORD-10659,2026-01-16,Apparel,16.03,3,West,On-Time,No
ORD-10660,2026-03-28,Apparel,191.33,3,West,On-Time,No
ORD-10661,2026-02-26,Apparel,23.44,3,South,Delayed,Yes
ORD-10662,2026-03-16,Electronics,202.56,3,East,On-Time,No
ORD-10663,2026-01-12,Electronics,267.65,1,North,On-Time,No
ORD-10664,2026-03-15,Books,260.72,3,North,Delayed,No
ORD-10665,2026-01-16,Apparel,91.16,2,East,On-Time,No
ORD-10666,2026-03-13,Apparel,326.41,4,East,On-Time,No
ORD-10667,2026-03-17,Apparel,31.94,3,East,On-Time,No
ORD-10668,2026-01-24,Home,383.33,1,South,On-Time,No
ORD-10669,2026-01-28,Electronics,473.86,2,North,On-Time,No
ORD-10670,2026-01-08,Apparel,176.49,4,East,On-Time,No
ORD-10671,2026-02-05,Apparel,263.45,4,South,Delayed,No
ORD-10672,2026-03-31,Books,195.67,3,North,Cancelled,No
ORD-10673,2026-01-08,Electronics,13.29,4,West,On-Time,No
ORD-10674,2026-02-27,Apparel,199.08,3,South,On-Time,No
ORD-10675,2026-03-01,Apparel,397.94,3,North,On-Time,No
ORD-10676,2026-02-19,Home,302.03,2,South,On-Time,No
ORD-10677,2026-01-28,Apparel,59.62,2,North,On-Time,No
ORD-10678,2026-02-10,Apparel,425.1,1,North,On-Time,No
ORD-10679,2026-03-05,Home,270.23,2,West,On-Time,No
ORD-10680,2026-01-27,Home,422.44,2,South,On-Time,No
ORD-10681,2026-03-04,Apparel,294.31,3,East,Delayed,No
ORD-10682,2026-01-17,Books,284.25,2,West,On-Time,No
ORD-10683,2026-03-14,Apparel,61.58,3,West,On-Time,No
ORD-10684,2026-02-02,Apparel,92.01,3,North,On-Time,No
ORD-10685,2026-03-25,Electronics,486.29,2,East,On-Time,No
ORD-10686,2026-03-18,Books,121.96,1,South,On-Time,No
ORD-10687,2026-01-29,Electronics,488.95,1,East,On-Time,No
ORD-10688,2026-01-13,Electronics,270.64,4,East,On-Time,No
ORD-10689,2026-02-15,Electronics,76.54,4,East,On-Time,No
ORD-10690,2026-02-04,Home,58.66,2,East,On-Time,No
ORD-10691,2026-01-06,Electronics,112.34,1,East,On-Time,Yes
ORD-10692,2026-03-23,Electronics,463.56,3,North,On-Time,No
ORD-10693,2026-03-10,Electronics,212.93,4,North,Cancelled,No
ORD-10694,2026-02-16,Electronics,203.76,3,West,On-Time,Yes
ORD-10695,2026-01-25,Apparel,163.47,4,North,Cancelled,No
ORD-10696,2026-03-07,Home,82.06,2,West,On-Time,No
ORD-10697,2026-01-10,Apparel,249.05,1,West,Cancelled,No
ORD-10698,2026-02-25,Apparel,73.72,4,South,On-Time,No
ORD-10699,2026-01-30,Home,419.39,1,East,On-Time,No
ORD-10700,2026-01-05,Electronics,191.49,3,North,On-Time,No
ORD-10701,2026-02-02,Apparel,193.65,2,South,On-Time,No
ORD-10702,2026-03-06,Books,242.26,1,North,On-Time,Yes
ORD-10703,2026-01-18,Apparel,227.62,2,West,On-Time,No
ORD-10704,2026-02-18,Electronics,497.48,1,North,On-Time,No
ORD-10705,2026-01-11,Apparel,277.24,3,East,On-Time,No
ORD-10706,2026-03-26,Apparel,53.22,3,West,On-Time,Yes
ORD-10707,2026-01-26,Apparel,307.37,2,West,On-Time,No
ORD-10708,2026-03-04,Electronics,84.28,3,South,On-Time,No
ORD-10709,2026-03-30,Electronics,25.16,4,East,On-Time,No
ORD-10710,2026-03-27,Electronics,485.66,1,West,On-Time,No
ORD-10711,2026-02-28,Books,389.03,3,East,On-Time,No
ORD-10712,2026-01-27,Home,490.25,4,North,On-Time,No
ORD-10713,2026-02-18,Electronics,244.16,2,East,On-Time,No
ORD-10714,2026-03-18,Electronics,270.81,4,West,Cancelled,No
ORD-10715,2026-02-02,Home,92.49,2,South,On-Time,No
ORD-10716,2026-01-01,Electronics,130.98,2,West,On-Time,No
ORD-10717,2026-01-21,Electronics,420.89,1,East,On-Time,No
ORD-10718,2026-02-24,Books,184.53,1,East,On-Time,Yes
ORD-10719,2026-01-06,Electronics,415.14,4,West,On-Time,No
ORD-10720,2026-03-22,Home,357.42,1,East,On-Time,No
ORD-10721,2026-03-10,Books,96.81,1,North,On-Time,No
ORD-10722,2026-01-05,Apparel,258.65,1,West,On-Time,No
ORD-10723,2026-01-03,Electronics,341.92,4,South,On-Time,No
ORD-10724,2026-02-22,Electronics,125.17,3,West,On-Time,No
ORD-10725,2026-01-23,Books,417.04,1,North,On-Time,No
ORD-10726,2026-02-22,Books,276.97,1,North,On-Time,No
ORD-10727,2026-02-06,Home,90.97,4,North,On-Time,No
ORD-10728,2026-03-15,Electronics,295.66,3,North,On-Time,Yes
ORD-10729,2026-03-15,Home,499.86,1,North,Cancelled,No
ORD-10730,2026-03-24,Books,83.76,2,South,Delayed,No
ORD-10731,2026-01-17,Home,410.21,4,East,On-Time,No
ORD-10732,2026-03-26,Books,111.58,1,North,On-Time,No
ORD-10733,2026-03-19,Books,393.37,1,North,On-Time,No
ORD-10734,2026-03-14,Home,369.94,2,West,On-Time,No
ORD-10735,2026-01-01,Apparel,157.24,2,South,On-Time,No
ORD-10736,2026-02-20,Apparel,169.65,4,South,On-Time,No
ORD-10737,2026-02-14,Electronics,398.34,4,East,On-Time,No
ORD-10738,2026-03-18,Home,236.11,2,South,On-Time,No
ORD-10739,2026-01-04,Apparel,368.1,4,West,Cancelled,No
ORD-10740,2026-03-03,Books,82.51,2,West,On-Time,No
ORD-10741,2026-03-06,Books,427.75,1,East,On-Time,No
ORD-10742,2026-02-01,Home,358.33,2,West,On-Time,Yes
ORD-10743,2026-02-03,Electronics,454.4,2,North,On-Time,No
ORD-10744,2026-03-13,Electronics,74.86,3,North,On-Time,No
ORD-10745,2026-02-08,Electronics,300.58,2,West,On-Time,No
ORD-10746,2026-01-26,Home,303.57,2,East,On-Time,No
ORD-10747,2026-02-03,Home,183.2,3,South,On-Time,No
ORD-10748,2026-02-23,Books,234.65,4,East,On-Time,No
ORD-10749,2026-01-03,Apparel,28.61,3,South,On-Time,No
ORD-10750,2026-02-19,Books,375.47,1,West,On-Time,No
ORD-10751,2026-01-12,Books,279.17,3,West,Delayed,No
ORD-10752,2026-03-06,Apparel,38.29,1,North,On-Time,No
ORD-10753,2026-02-23,Books,343.57,4,South,On-Time,No
ORD-10754,2026-01-05,Apparel,238.72,3,East,On-Time,No
ORD-10755,2026-02-26,Electronics,26.89,3,West,On-Time,No
ORD-10756,2026-01-17,Home,485.11,4,East,On-Time,No
ORD-10757,2026-02-16,Apparel,475.06,1,North,On-Time,No
ORD-10758,2026-01-23,Home,261.32,3,South,On-Time,No
ORD-10759,2026-03-20,Home,55.9,1,South,On-Time,Yes
ORD-10760,2026-03-26,Apparel,379.76,3,West,On-Time,No
ORD-10761,2026-01-14,Apparel,251.05,2,South,On-Time,No
ORD-10762,2026-03-07,Apparel,158.2,3,West,On-Time,No
ORD-10763,2026-03-16,Apparel,250.79,4,North,On-Time,No
ORD-10764,2026-02-20,Apparel,266.0,4,South,On-Time,No
ORD-10765,2026-02-07,Apparel,285.73,1,West,On-Time,No
ORD-10766,2026-03-05,Electronics,226.2,3,East,On-Time,No
ORD-10767,2026-02-07,Apparel,306.82,1,West,On-Time,Yes
ORD-10768,2026-02-19,Electronics,460.18,1,South,On-Time,No
ORD-10769,2026-03-23,Home,187.51,2,North,On-Time,No
ORD-10770,2026-01-30,Home,365.6,2,South,On-Time,No
ORD-10771,2026-03-20,Apparel,448.28,4,South,On-Time,No
ORD-10772,2026-02-20,Apparel,233.43,1,West,Delayed,No
ORD-10773,2026-03-04,Books,227.29,4,East,On-Time,No
ORD-10774,2026-02-21,Books,305.04,3,South,On-Time,No
ORD-10775,2026-02-07,Books,299.79,1,East,On-Time,Yes
ORD-10776,2026-03-29,Books,405.23,1,West,On-Time,No
ORD-10777,2026-03-20,Electronics,243.48,3,East,On-Time,No
ORD-10778,2026-01-30,Electronics,498.1,3,West,Delayed,No
ORD-10779,2026-02-20,Apparel,39.14,4,North,On-Time,No
ORD-10780,2026-03-22,Electronics,11.55,4,East,On-Time,No
ORD-10781,2026-01-05,Apparel,323.7,3,East,On-Time,Yes
ORD-10782,2026-01-29,Apparel,156.23,4,North,On-Time,No
ORD-10783,2026-01-04,Apparel,127.79,3,East,On-Time,No
ORD-10784,2026-01-10,Home,162.83,1,North,On-Time,No
ORD-10785,2026-02-25,Home,135.46,1,South,On-Time,No
ORD-10786,2026-01-17,Apparel,25.09,2,West,On-Time,No
ORD-10787,2026-03-15,Books,486.05,1,North,On-Time,No
ORD-10788,2026-01-17,Apparel,118.17,3,East,On-Time,No
ORD-10789,2026-03-25,Books,369.67,4,North,On-Time,No
ORD-10790,2026-03-29,Electronics,383.67,2,East,On-Time,No
ORD-10791,2026-03-10,Books,465.34,4,South,On-Time,No
ORD-10792,2026-02-03,Home,24.97,3,North,On-Time,No
ORD-10793,2026-01-06,Apparel,437.3,1,South,On-Time,Yes
ORD-10794,2026-02-22,Electronics,268.34,2,West,On-Time,No
ORD-10795,2026-03-07,Apparel,319.95,3,East,On-Time,No
ORD-10796,2026-03-18,Electronics,325.79,2,East,On-Time,No
ORD-10797,2026-02-12,Electronics,411.7,2,South,On-Time,No
ORD-10798,2026-03-16,Home,173.37,1,West,On-Time,No
ORD-10799,2026-01-23,Apparel,369.2,3,North,On-Time,No
ORD-10800,2026-02-24,Home,269.0,4,North,On-Time,No
ORD-10801,2026-03-21,Books,398.76,2,East,On-Time,No
ORD-10802,2026-03-16,Apparel,495.37,2,South,On-Time,No
ORD-10803,2026-01-16,Apparel,108.32,4,South,On-Time,No
ORD-10804,2026-01-08,Electronics,497.38,3,North,On-Time,No
ORD-10805,2026-01-04,Home,54.01,2,West,On-Time,No
ORD-10806,2026-01-04,Apparel,11.14,2,West,On-Time,No
ORD-10807,2026-02-25,Books,31.64,2,North,On-Time,No
ORD-10808,2026-01-25,Books,177.47,3,North,On-Time,No
ORD-10809,2026-03-08,Apparel,320.12,3,South,On-Time,No
ORD-10810,2026-03-08,Electronics,43.82,4,West,On-Time,No
ORD-10811,2026-01-27,Books,12.78,3,North,On-Time,No
ORD-10812,2026-02-01,Home,469.17,3,North,On-Time,No
ORD-10813,2026-02-19,Electronics,412.74,1,East,On-Time,No
ORD-10814,2026-03-02,Electronics,406.5,4,North,On-Time,No
ORD-10815,2026-02-20,Home,443.37,2,North,On-Time,No
ORD-10816,2026-01-19,Electronics,353.02,3,West,On-Time,No
ORD-10817,2026-01-21,Books,61.16,2,South,On-Time,No
ORD-10818,2026-01-05,Apparel,205.56,2,West,On-Time,No
ORD-10819,2026-03-23,Electronics,364.34,1,South,On-Time,No
ORD-10820,2026-02-11,Books,147.36,3,East,On-Time,No
ORD-10821,2026-03-02,Apparel,346.83,4,North,Delayed,No
ORD-10822,2026-01-22,Apparel,22.0,3,East,On-Time,No
ORD-10823,2026-01-21,Electronics,160.01,2,South,On-Time,No
ORD-10824,2026-03-11,Electronics,279.07,4,West,On-Time,No
ORD-10825,2026-01-01,Home,319.72,3,West,On-Time,No
ORD-10826,2026-01-05,Apparel,292.75,2,East,On-Time,No
ORD-10827,2026-01-12,Apparel,351.9,2,South,On-Time,No
ORD-10828,2026-03-31,Home,12.98,1,East,On-Time,No
ORD-10829,2026-02-15,Home,59.46,1,East,On-Time,No
ORD-10830,2026-02-03,Electronics,435.78,1,North,Delayed,No
ORD-10831,2026-02-18,Apparel,344.06,2,East,On-Time,No
ORD-10832,2026-03-19,Books,65.34,3,North,On-Time,No
ORD-10833,2026-03-31,Home,422.62,1,North,On-Time,No
ORD-10834,2026-02-14,Apparel,128.69,3,West,On-Time,No
ORD-10835,2026-01-27,Electronics,244.35,1,North,On-Time,No
ORD-10836,2026-03-14,Apparel,81.15,4,North,On-Time,No
ORD-10837,2026-01-26,Home,357.95,4,West,On-Time,No
ORD-10838,2026-02-16,Books,336.76,1,East,On-Time,No
ORD-10839,2026-03-27,Home,113.45,2,South,On-Time,No
ORD-10840,2026-02-25,Books,433.07,1,South,On-Time,Yes
ORD-10841,2026-03-04,Home,206.64,1,South,Delayed,No
ORD-10842,2026-02-17,Electronics,153.33,2,East,On-Time,No
ORD-10843,2026-03-02,Apparel,84.64,4,North,On-Time,No
ORD-10844,2026-03-22,Electronics,140.42,3,South,On-Time,Yes
ORD-10845,2026-01-26,Electronics,20.79,1,East,On-Time,No
ORD-10846,2026-02-05,Books,295.8,2,North,Delayed,No
ORD-10847,2026-01-01,Apparel,422.69,1,West,On-Time,No
ORD-10848,2026-01-08,Apparel,279.0,2,South,On-Time,No
ORD-10849,2026-02-21,Electronics,117.44,3,North,On-Time,No
ORD-10850,2026-03-20,Apparel,26.5,3,South,Delayed,No
ORD-10851,2026-02-16,Electronics,115.17,4,South,On-Time,No
ORD-10852,2026-02-25,Electronics,213.9,2,South,On-Time,No
ORD-10853,2026-03-27,Home,382.21,2,North,On-Time,No
ORD-10854,2026-01-14,Electronics,102.04,4,East,On-Time,No
ORD-10855,2026-03-31,Home,362.7,4,North,On-Time,No
ORD-10856,2026-01-28,Electronics,434.8,2,South,Delayed,Yes
ORD-10857,2026-03-28,Electronics,232.43,4,North,On-Time,No
ORD-10858,2026-03-19,Electronics,412.5,3,West,On-Time,No
ORD-10859,2026-03-29,Apparel,281.78,1,East,On-Time,No
ORD-10860,2026-01-02,Home,322.17,3,North,On-Time,No
ORD-10861,2026-01-26,Apparel,267.88,4,West,On-Time,No
ORD-10862,2026-01-14,Apparel,236.95,2,East,Cancelled,No
ORD-10863,2026-02-28,Home,124.98,2,West,On-Time,No
ORD-10864,2026-02-25,Electronics,158.57,3,East,On-Time,No
ORD-10865,2026-01-07,Apparel,152.09,2,North,On-Time,No
ORD-10866,2026-01-03,Books,286.01,4,West,On-Time,No
ORD-10867,2026-01-23,Home,68.78,3,South,On-Time,No
ORD-10868,2026-01-18,Apparel,459.23,2,West,On-Time,No
ORD-10869,2026-02-07,Books,363.12,1,East,On-Time,No
ORD-10870,2026-01-15,Home,206.71,1,North,On-Time,No
ORD-10871,2026-03-05,Electronics,87.73,4,East,On-Time,No
ORD-10872,2026-03-30,Home,442.18,2,West,On-Time,No
ORD-10873,2026-01-28,Apparel,413.65,4,West,On-Time,No
ORD-10874,2026-03-15,Apparel,363.64,3,South,Delayed,Yes
ORD-10875,2026-02-08,Apparel,143.06,1,North,On-Time,No
ORD-10876,2026-02-26,Apparel,207.2,3,North,On-Time,No
ORD-10877,2026-01-17,Home,60.35,2,West,On-Time,No
ORD-10878,2026-03-27,Apparel,102.63,4,North,On-Time,Yes
ORD-10879,2026-03-31,Books,393.68,4,South,On-Time,No
ORD-10880,2026-02-13,Home,360.37,4,East,On-Time,No
ORD-10881,2026-01-25,Electronics,300.81,3,North,On-Time,No
ORD-10882,2026-01-17,Home,448.91,1,West,On-Time,No
ORD-10883,2026-01-13,Electronics,295.8,3,East,On-Time,No
ORD-10884,2026-03-25,Apparel,238.81,3,East,On-Time,No
ORD-10885,2026-01-25,Home,176.78,2,South,Delayed,No
ORD-10886,2026-03-09,Electronics,470.82,2,West,On-Time,No
ORD-10887,2026-01-10,Apparel,50.53,2,North,On-Time,No
ORD-10888,2026-03-08,Electronics,466.13,1,West,On-Time,No
ORD-10889,2026-01-18,Electronics,415.09,1,East,On-Time,No
ORD-10890,2026-03-27,Apparel,73.67,2,West,On-Time,No
ORD-10891,2026-02-03,Apparel,286.84,2,North,On-Time,No
ORD-10892,2026-01-08,Books,434.61,1,North,Delayed,No
ORD-10893,2026-02-09,Apparel,290.19,4,South,Delayed,No
ORD-10894,2026-03-24,Apparel,454.53,1,North,On-Time,No
ORD-10895,2026-02-11,Apparel,472.06,1,North,On-Time,No
ORD-10896,2026-02-10,Electronics,216.97,1,West,Delayed,Yes
ORD-10897,2026-01-06,Books,194.88,2,West,On-Time,No
ORD-10898,2026-02-21,Home,468.8,4,East,Delayed,No
ORD-10899,2026-01-26,Home,340.82,1,South,On-Time,No
ORD-10900,2026-03-05,Electronics,66.85,2,West,On-Time,No
ORD-10901,2026-02-28,Apparel,30.72,3,North,On-Time,No
ORD-10902,2026-02-25,Apparel,286.67,3,East,On-Time,No
ORD-10903,2026-02-28,Books,465.78,1,West,On-Time,No
ORD-10904,2026-03-11,Electronics,423.68,3,South,On-Time,No
ORD-10905,2026-02-02,Apparel,341.17,4,South,On-Time,No
ORD-10906,2026-02-22,Books,78.17,3,East,On-Time,No
ORD-10907,2026-01-22,Apparel,134.57,3,East,On-Time,No
ORD-10908,2026-01-21,Apparel,439.0,4,East,On-Time,No
ORD-10909,2026-03-11,Electronics,99.58,1,East,On-Time,No
ORD-10910,2026-03-11,Books,146.44,1,East,On-Time,No
ORD-10911,2026-01-04,Electronics,73.5,4,North,On-Time,No
ORD-10912,2026-03-16,Home,341.29,4,North,Delayed,No
ORD-10913,2026-03-03,Home,472.55,4,West,Delayed,No
ORD-10914,2026-03-03,Electronics,141.79,3,South,On-Time,No
ORD-10915,2026-01-24,Home,242.95,4,North,On-Time,No
ORD-10916,2026-02-24,Electronics,320.83,2,North,On-Time,No
ORD-10917,2026-01-09,Electronics,499.74,3,North,Cancelled,No
ORD-10918,2026-01-03,Home,61.36,1,West,On-Time,No
ORD-10919,2026-01-31,Books,254.3,1,East,On-Time,No
ORD-10920,2026-02-09,Home,198.71,1,West,On-Time,No
ORD-10921,2026-02-05,Apparel,434.25,3,South,On-Time,No
ORD-10922,2026-01-24,Electronics,243.22,2,South,On-Time,No
ORD-10923,2026-01-06,Electronics,64.38,4,South,On-Time,No
ORD-10924,2026-03-07,Electronics,320.87,4,South,Delayed,No
ORD-10925,2026-03-25,Electronics,387.68,1,North,Cancelled,No
ORD-10926,2026-03-16,Apparel,11.41,1,North,On-Time,No
ORD-10927,2026-01-04,Apparel,430.89,3,West,On-Time,No
ORD-10928,2026-03-20,Apparel,101.15,2,East,On-Time,No
ORD-10929,2026-01-06,Electronics,280.51,4,South,On-Time,No
ORD-10930,2026-02-20,Apparel,213.74,3,West,On-Time,No
ORD-10931,2026-03-03,Books,362.63,4,North,On-Time,No
ORD-10932,2026-02-26,Electronics,191.87,1,North,On-Time,Yes
ORD-10933,2026-03-07,Books,436.18,4,East,On-Time,No
ORD-10934,2026-03-20,Books,367.94,2,East,On-Time,No
ORD-10935,2026-03-16,Electronics,327.38,2,East,On-Time,No
ORD-10936,2026-01-08,Home,400.16,1,West,On-Time,No
ORD-10937,2026-01-26,Apparel,379.47,2,North,Cancelled,No
ORD-10938,2026-02-20,Apparel,27.61,2,North,Delayed,No
ORD-10939,2026-02-14,Apparel,203.42,3,East,Delayed,Yes
ORD-10940,2026-02-13,Apparel,466.1,4,South,On-Time,No
ORD-10941,2026-01-05,Apparel,71.6,1,East,On-Time,No
ORD-10942,2026-03-11,Apparel,371.18,1,West,On-Time,No
ORD-10943,2026-01-26,Home,487.55,1,East,Delayed,No
ORD-10944,2026-03-09,Home,35.58,1,East,On-Time,No
ORD-10945,2026-01-19,Apparel,344.28,1,West,On-Time,No
ORD-10946,2026-03-25,Home,239.4,2,East,On-Time,Yes
ORD-10947,2026-01-20,Electronics,293.8,3,North,On-Time,No
ORD-10948,2026-01-12,Electronics,51.82,1,South,On-Time,Yes
ORD-10949,2026-02-16,Books,31.07,3,East,On-Time,No
ORD-10950,2026-01-01,Apparel,336.76,3,West,On-Time,No
ORD-10951,2026-03-31,Electronics,413.42,2,South,On-Time,No
ORD-10952,2026-01-14,Electronics,393.19,1,West,Delayed,No
ORD-10953,2026-03-05,Electronics,276.46,2,South,On-Time,No
ORD-10954,2026-02-07,Books,58.93,1,South,On-Time,No
ORD-10955,2026-02-06,Apparel,347.14,2,East,On-Time,Yes
ORD-10956,2026-01-11,Books,128.53,3,North,Delayed,No
ORD-10957,2026-03-18,Apparel,456.42,1,East,On-Time,Yes
ORD-10958,2026-01-03,Apparel,420.75,4,West,Cancelled,No
ORD-10959,2026-02-02,Apparel,357.6,3,West,On-Time,No
ORD-10960,2026-01-06,Home,474.93,4,South,Cancelled,No
ORD-10961,2026-02-19,Electronics,25.4,3,South,Delayed,No
ORD-10962,2026-01-10,Books,370.74,2,North,On-Time,No
ORD-10963,2026-01-05,Books,171.82,1,East,On-Time,No
ORD-10964,2026-01-23,Apparel,453.97,3,West,On-Time,No
ORD-10965,2026-01-10,Books,140.67,2,South,On-Time,No
ORD-10966,2026-02-13,Books,365.18,1,North,On-Time,No
ORD-10967,2026-01-02,Home,440.05,1,West,On-Time,No
ORD-10968,2026-01-13,Electronics,30.41,3,South,On-Time,No
ORD-10969,2026-02-09,Apparel,204.85,1,West,On-Time,No
ORD-10970,2026-01-02,Apparel,383.53,3,North,On-Time,No
ORD-10971,2026-03-25,Electronics,232.91,1,North,On-Time,No
ORD-10972,2026-03-06,Electronics,140.95,4,West,On-Time,Yes
ORD-10973,2026-03-04,Home,117.7,2,East,On-Time,No
ORD-10974,2026-03-14,Electronics,74.44,4,West,On-Time,No
ORD-10975,2026-01-17,Apparel,429.99,3,South,On-Time,Yes
ORD-10976,2026-01-09,Books,291.92,4,East,Delayed,No
ORD-10977,2026-03-16,Books,47.43,3,South,On-Time,No
ORD-10978,2026-01-15,Electronics,197.46,1,West,On-Time,No
ORD-10979,2026-01-24,Books,190.19,1,East,On-Time,No
ORD-10980,2026-02-07,Electronics,99.05,3,South,On-Time,No
ORD-10981,2026-02-04,Electronics,223.4,4,West,Delayed,No
ORD-10982,2026-02-18,Home,172.73,1,West,Delayed,No
ORD-10983,2026-03-10,Apparel,177.48,2,East,On-Time,No
ORD-10984,2026-03-03,Apparel,372.12,1,West,On-Time,No
ORD-10985,2026-03-01,Apparel,119.4,2,North,On-Time,No
ORD-10986,2026-02-19,Electronics,324.51,4,South,On-Time,No
ORD-10987,2026-03-19,Electronics,289.62,2,South,Delayed,No
ORD-10988,2026-03-16,Apparel,288.37,2,West,On-Time,No
ORD-10989,2026-01-09,Home,334.87,2,West,On-Time,No
ORD-10990,2026-02-03,Home,278.71,2,North,On-Time,Yes
ORD-10991,2026-03-17,Electronics,440.84,1,East,On-Time,No
ORD-10992,2026-02-04,Apparel,341.03,2,West,On-Time,No
ORD-10993,2026-01-01,Electronics,278.01,1,West,On-Time,No
ORD-10994,2026-02-09,Electronics,416.58,2,West,On-Time,No
ORD-10995,2026-03-05,Home,307.01,3,West,On-Time,No
ORD-10996,2026-01-22,Electronics,152.66,4,South,On-Time,No
ORD-10997,2026-03-01,Electronics,111.48,2,West,Delayed,No
ORD-10998,2026-03-05,Home,84.64,3,South,On-Time,No
ORD-10999,2026-03-13,Home,450.73,2,West,On-Time,No
